K,Media do MSE,Desvio Padrao do MSE
2.0,1.545670386580232e-08,1.6506005615336465e-08
