K,Media do MSE,Desvio Padrao do MSE
2.0,1.5229867032157916e-06,1.2397498108297188e-06
