K,Media do MSE,Desvio Padrao do MSE
1.0,3.231812180194044e-09,5.491619970336171e-10
