K,Media do MSE,Desvio Padrao do MSE
1.0,4.379535790953248e-07,6.435710057322698e-08
