K,Media do MSE,Desvio Padrao do MSE
7.0,4.179936235473543e-05,9.724157364441384e-06
