K,Media do MSE,Desvio Padrao do MSE
7.0,7.267505898124268e-05,4.678838116504725e-05
