K,Media do MSE,Desvio Padrao do MSE
8.0,0.00022871137555461685,3.321983157152488e-05
9.0,0.0002292636164044157,8.127415432041641e-05
5.0,0.00020628006351559267,9.936769117784593e-05
