K,Media do MSE,Desvio Padrao do MSE
2.0,9.87417051082817e-05,8.862578556742913e-05
7.0,4.247881359343019e-05,2.0742751577963275e-05
8.0,0.00022058808967973632,0.0001249764326597191
