K,Media do MSE,Desvio Padrao do MSE
9.0,0.0012406247328642448,0.00023409292134495523
