K,Media do MSE,Desvio Padrao do MSE
8.0,0.00014914584213172608,7.519155305011408e-05
