K,Media do MSE,Desvio Padrao do MSE
10.0,0.0025640986824403077,0.0021492379728949643
8.0,0.0019032255158623148,0.0007382649551797253
9.0,0.0017435762043980728,0.0006378488793324259
