K,Media do MSE,Desvio Padrao do MSE
10.0,0.0002631749493327186,0.00018208743473178206
