K,Media do MSE,Desvio Padrao do MSE
9.0,0.00034553994701132967,0.00010140664744165733
