K,Media do MSE,Desvio Padrao do MSE
10.0,0.0003020062586595047,0.0003998196476567911
9.0,0.0004512017434400014,0.0004481283039000262
8.0,0.0004904613659854261,0.00038676028640280023
