K,Media do MSE,Desvio Padrao do MSE
8.0,9.782039112942859e-05,5.248396590497669e-05
