K,Media do MSE,Desvio Padrao do MSE
6.0,4.842631423946459e-05,9.985698131909342e-06
