K,Media do MSE,Desvio Padrao do MSE
8.0,0.0006083425568084427,0.00028387671830152364
9.0,0.00033488216412494106,7.26561345346872e-05
7.0,0.0004103801416017222,0.00013541974808923212
