K,Media do MSE,Desvio Padrao do MSE
8.0,0.00010536836659957182,4.885077111016405e-05
2.0,0.00013203862931001053,6.866362681692923e-05
3.0,0.00013791098884269456,3.348551289901722e-05
