K,Media do MSE,Desvio Padrao do MSE
5.0,0.0008038318600392774,0.0002934303057621196
