K,Media do MSE,Desvio Padrao do MSE
4.0,0.0003403203340986134,2.9164530023571162e-05
3.0,0.0008069458215452824,8.589419019575808e-05
1.0,0.0013459036399912,0.0004383240480530801
