K,Media do MSE,Desvio Padrao do MSE
5.0,0.000854213883745418,0.000390460733647522
10.0,0.0008265524954865289,0.0005422018371837096
8.0,0.0008944840921528226,0.00042669659796005236
