K,Media do MSE,Desvio Padrao do MSE
4.0,0.0005779719497900857,0.00040472032769286434
8.0,0.0010639814461181312,0.0006475079045998669
9.0,0.0024637069318062645,0.00034108117583670145
