K,Media do RMSE,Desvio Padrao do RMSE
0.0,0.17203084706790825,0.013923939797549753
1.0,0.008914345693350928,0.0015897310672914275
2.0,0.002599203096740275,0.000537093561849867
3.0,0.002386454710300708,0.00019330597416446476
4.0,0.0018641761090737747,0.00043234057632279713
5.0,0.0038193209690357745,0.0014004143648607052
6.0,0.001819396837476131,0.0006929981619915272
7.0,0.0011625688511760228,0.0004671035188646689
8.0,0.0017224459471021894,0.00037746331657152906
