K,Media do MSE,Desvio Padrao do MSE
4.0,0.00037858215501117905,5.3985865766437026e-06
7.0,0.00037560203177901697,1.049256499525845e-05
6.0,0.0003795157203983914,0.00024406910401345033
