K,Media do MSE,Desvio Padrao do MSE
7.0,0.00030231152792470394,4.697057017464904e-05
