K,Media do MSE,Desvio Padrao do MSE
4.0,0.0008474141265631311,0.0006634793546351799
