K,Media do MSE,Desvio Padrao do MSE
4.0,0.00035716122589360915,3.9905709025961497e-05
